Program+Function,CPU%,MEM%,Disk_Read_kBps,Disk_Write_kBps,Disk_Util%,Exec_Time_sec
A+cpu,48.6817,5.90273,0.113448,7.5069,0.0782759,4.74
A+mem,46.6974,5.69952,0.0789655,6.1969,0.0651724,27.19
A+io,44.7244,6.44357,0.0789655,6.1969,15.7572,22.75
B+cpu,48.7231,7.0301,0.175517,6.87897,0.369655,1.98
B+mem,49.4434,7.22934,0.0789655,6.19345,0.0941379,29.61
B+io,49.0454,7.66227,0.115862,6.72552,15.9779,24.97
