Program,Function,CPU%,MEM%,Disk_Read_kBps,Disk_Write_kBps,Disk_Util%,Exec_Time_sec
A,cpu,305.73,48.8103,0.0164516,1.44903,0.00677419,7.012643778
A,mem,304.859,48.8459,0.0164516,1.44903,0.00645161,9.183149246
A,io,304.832,49.6714,0.0164516,1.44903,1.78065,8.217099853
B,cpu,318.854,48.8838,0.0164516,1.44903,0.00709677,8.218832781
B,mem,318.451,48.9041,0.0164516,1.44903,0.00709677,9.177569518
B,io,313.032,49.4927,0.0164516,1.44903,0.00741935,8.216933748
