Program+Function,CPU%,MEM%,Disk_Read_kBps,Disk_Write_kBps,Disk_Util%,Exec_Time_sec
A+cpu,33.9333,0,0.0174194,1.46677,0.00548387,4.22
A+mem,33.3333,0.0666667,0.0174194,1.46677,0.00548387,9.16
A+io,18.36,0,0.0174194,1.46677,2.07,5.17
B+cpu,99.75,0,0.0174194,1.46677,0.00580645,4.17
B+mem,97.98,0.1,0.0174194,1.46677,0.00580645,9.17
B+io,41.96,0,0.0174194,1.46677,1.29613,8.90
