Program+Function,CPU%,MEM%,Disk_Read_kBps,Disk_Write_kBps,Disk_Util%,Exec_Time_sec
A+cpu,49.6303,4.81371,0.0748276,6.3331,0.0351724,4.33
A+mem,49.5213,4.79189,0.161034,8.47103,0.0489655,9.04
A+io,48.8466,4.90777,0.0748276,6.3331,7.71793,6.30
B+cpu,51.8487,5.08943,0.0748276,6.3331,0.0631034,4.21
B+mem,51.6845,5.00197,0.0748276,6.3331,0.0493103,9.00
B+io,51.4231,5.13986,0.0748276,6.3331,5.75103,4.67
